name,long_name,label,type,spss_index,label_set_id,value_labels_json,non_missing_count,missing_count
SEXO,SEXO,,numeric,1,0,"{""1"": ""MAS"", ""2"": ""FEM""}",2000,0
IDADE,IDADE,,numeric,2,,{},2000,0
FX_ID,FX_ID,FAIXAS IDADES,numeric,3,1,"{""1"": ""16 A 24"", ""2"": ""25 A 34"", ""3"": ""35 A 44"", ""4"": ""45 A 59"", ""5"": ""60 E MAIS""}",2000,0
RACA,RACA,RACA/ COR,numeric,4,2,"{""1"": ""Branca"", ""2"": ""Preta"", ""3"": ""Parda"", ""4"": ""Amarela"", ""5"": ""Indígena"", ""9"": ""Não respondeu""}",2000,0
ESCOLARI,ESCOLARIDADE,,numeric,5,3,"{""1"": ""Analfabeto"", ""2"": ""Sabe ler/ escrever, mas não cursou escola"", ""3"": ""Pré-escola (ou 1º ano)"", ""4"": ""1ª série (ou 2º ano)"", ""5"": ""2ª série (ou 3º ano)"", ""6"": ""3ª série (ou 4º ano)"", ""7"": ""4ª série (ou 5º ano)"", ""8"": ""5ª série (ou 6º ano)"", ""9"": ""6ª série (ou 7º ano)"", ""10"": ""7ª série (ou 8º ano)"", ""11"": ""8ª série (ou 9º ano)"", ""12"": ""1ª série"", ""13"": ""2ª série"", ""14"": ""3ª série"", ""15"": ""Superior incompleto"", ""16"": ""Superior completo""}",2000,0
P1,P1,"P.01) Dentre as questões listadas a seguir, na sua opinião, qual é a que mais contribui para gerar as desigualdades no Brasil?",numeric,6,4,"{""1"": ""Raça/Cor/Etnia"", ""2"": ""Classe social"", ""3"": ""Gênero ou sexo"", ""4"": ""Local de moradia (cidade, região da cidade, bairro, comunidade)"", ""5"": ""Deficiência (auditiva, visual, intelectual e motora)"", ""6"": ""Orientação sexual (heterossexual, homossexual)"", ""7"": ""Local de origem/onde nasceu (país ou região do país)"", ""97"": ""Nenhuma destas/Outras (sem especificar)"", ""99"": ""Não sabe/ Não respondeu""}",2000,0
P2,P2,P.02) Gostaria de saber como o(a) sr(a) se sente ao ter que responder qual sua raça/cor/etnia. Você diria que se sente:,numeric,7,5,"{""1"": ""Muito confortável"", ""2"": ""Confortável"", ""3"": ""Desconfortável"", ""4"": ""Muito desconfortável"", ""99"": ""Não sabe/ Não respondeu""}",2000,0
P3,P3,"P.03) Para o(a) sr(a), definir a sua raça/cor/etnia é muito fácil, fácil, difícil ou muito difícil?",numeric,8,6,"{""1"": ""Muito fácil"", ""2"": ""Fácil"", ""3"": ""Difícil"", ""4"": ""Muito difícil"", ""99"": ""Não sabe/ Não respondeu""}",2000,0
P4,P4,"P.04) Na sua opinião, declarar a sua raça/cor/etnia é muito, pouco ou nada importante?",numeric,9,7,"{""1"": ""Muito importante"", ""2"": ""Pouco importante"", ""3"": ""Nada importante"", ""99"": ""Não sabe/ Não respondeu""}",2000,0
P5A,P5A,P.05A) Diga se concorda ou discorda de cada afirmação a seguir: O Brasil é um país racista.,numeric,10,8,"{""1"": ""Concordo totalmente"", ""2"": ""Concordo em parte"", ""3"": ""Nem concordo, nem discordo (Esp.)"", ""4"": ""Discordo em parte"", ""5"": ""Discordo totalmente"", ""99"": ""Não se aplica/ Não respondeu""}",2000,0
P5B,P5B,P.05B) Diga se concorda ou discorda de cada afirmação a seguir: Eu sofro ou já sofri racismo.,numeric,11,8,"{""1"": ""Concordo totalmente"", ""2"": ""Concordo em parte"", ""3"": ""Nem concordo, nem discordo (Esp.)"", ""4"": ""Discordo em parte"", ""5"": ""Discordo totalmente"", ""99"": ""Não se aplica/ Não respondeu""}",2000,0
P5C,P5C,P.05C) Diga se concorda ou discorda de cada afirmação a seguir: Eu tenho algumas atitudes e práticas consideradas racistas.,numeric,12,8,"{""1"": ""Concordo totalmente"", ""2"": ""Concordo em parte"", ""3"": ""Nem concordo, nem discordo (Esp.)"", ""4"": ""Discordo em parte"", ""5"": ""Discordo totalmente"", ""99"": ""Não se aplica/ Não respondeu""}",2000,0
P5D,P5D,P.05D) Diga se concorda ou discorda de cada afirmação a seguir: Já presenciei situações em que uma pessoa sofreu racismo.,numeric,13,8,"{""1"": ""Concordo totalmente"", ""2"": ""Concordo em parte"", ""3"": ""Nem concordo, nem discordo (Esp.)"", ""4"": ""Discordo em parte"", ""5"": ""Discordo totalmente"", ""99"": ""Não se aplica/ Não respondeu""}",2000,0
P5E,P5E,P.05E) Diga se concorda ou discorda de cada afirmação a seguir: Eu trabalho em uma instituição/empresa racista.,numeric,14,8,"{""1"": ""Concordo totalmente"", ""2"": ""Concordo em parte"", ""3"": ""Nem concordo, nem discordo (Esp.)"", ""4"": ""Discordo em parte"", ""5"": ""Discordo totalmente"", ""99"": ""Não se aplica/ Não respondeu""}",2000,0
P5F,P5F,P.05F) Diga se concorda ou discorda de cada afirmação a seguir: Eu estudo em uma escola/faculdade/universidade racista.,numeric,15,8,"{""1"": ""Concordo totalmente"", ""2"": ""Concordo em parte"", ""3"": ""Nem concordo, nem discordo (Esp.)"", ""4"": ""Discordo em parte"", ""5"": ""Discordo totalmente"", ""99"": ""Não se aplica/ Não respondeu""}",2000,0
P5G,P5G,P.05G) Diga se concorda ou discorda de cada afirmação a seguir: Eu convivo com pessoas que sofrem racismo.,numeric,16,8,"{""1"": ""Concordo totalmente"", ""2"": ""Concordo em parte"", ""3"": ""Nem concordo, nem discordo (Esp.)"", ""4"": ""Discordo em parte"", ""5"": ""Discordo totalmente"", ""99"": ""Não se aplica/ Não respondeu""}",2000,0
P5H,P5H,P.05H) Diga se concorda ou discorda de cada afirmação a seguir: Eu convivo com pessoas que têm atitudes racistas.,numeric,17,8,"{""1"": ""Concordo totalmente"", ""2"": ""Concordo em parte"", ""3"": ""Nem concordo, nem discordo (Esp.)"", ""4"": ""Discordo em parte"", ""5"": ""Discordo totalmente"", ""99"": ""Não se aplica/ Não respondeu""}",2000,0
P5I,P5I,P.05I) Diga se concorda ou discorda de cada afirmação a seguir: Minha família é racista.,numeric,18,8,"{""1"": ""Concordo totalmente"", ""2"": ""Concordo em parte"", ""3"": ""Nem concordo, nem discordo (Esp.)"", ""4"": ""Discordo em parte"", ""5"": ""Discordo totalmente"", ""99"": ""Não se aplica/ Não respondeu""}",2000,0
P6_1,P6_1,P.06) Em quais desses espaços o(a) sr(a) sofre ou já sofreu racismo?,numeric,19,9,"{""1"": ""No ambiente familiar"", ""2"": ""No trabalho"", ""3"": ""Na escola/faculdade/universidade"", ""4"": ""No espaço religioso que frequenta"", ""5"": ""Em espaços públicos (ruas, parques, praças etc)"", ""6"": ""Em estabelecimentos comerciais (supermercados, shopping, lojas de rua, cinemas, restaurantes, etc.)"", ""7"": ""No banco"", ""8"": ""Em agências/espaço de recrutamento para trabalho"", ""9"": ""Na comunidade onde mora"", ""10"": ""No transporte público"", ""99"": ""Não sabe/ Não respondeu""}",466,1534
P6_2,P6_2,P.06) Em quais desses espaços o(a) sr(a) sofre ou já sofreu racismo? Mais algum?,numeric,20,9,"{""1"": ""No ambiente familiar"", ""2"": ""No trabalho"", ""3"": ""Na escola/faculdade/universidade"", ""4"": ""No espaço religioso que frequenta"", ""5"": ""Em espaços públicos (ruas, parques, praças etc)"", ""6"": ""Em estabelecimentos comerciais (supermercados, shopping, lojas de rua, cinemas, restaurantes, etc.)"", ""7"": ""No banco"", ""8"": ""Em agências/espaço de recrutamento para trabalho"", ""9"": ""Na comunidade onde mora"", ""10"": ""No transporte público"", ""99"": ""Não sabe/ Não respondeu""}",181,1819
P6_3,P6_3,P.06) Em quais desses espaços o(a) sr(a) sofre ou já sofreu racismo? Algum outro?,numeric,21,9,"{""1"": ""No ambiente familiar"", ""2"": ""No trabalho"", ""3"": ""Na escola/faculdade/universidade"", ""4"": ""No espaço religioso que frequenta"", ""5"": ""Em espaços públicos (ruas, parques, praças etc)"", ""6"": ""Em estabelecimentos comerciais (supermercados, shopping, lojas de rua, cinemas, restaurantes, etc.)"", ""7"": ""No banco"", ""8"": ""Em agências/espaço de recrutamento para trabalho"", ""9"": ""Na comunidade onde mora"", ""10"": ""No transporte público"", ""99"": ""Não sabe/ Não respondeu""}",75,1925
P6_4,P6_4,P.06) Em quais desses espaços o(a) sr(a) sofre ou já sofreu racismo? Algum outro?,numeric,22,9,"{""1"": ""No ambiente familiar"", ""2"": ""No trabalho"", ""3"": ""Na escola/faculdade/universidade"", ""4"": ""No espaço religioso que frequenta"", ""5"": ""Em espaços públicos (ruas, parques, praças etc)"", ""6"": ""Em estabelecimentos comerciais (supermercados, shopping, lojas de rua, cinemas, restaurantes, etc.)"", ""7"": ""No banco"", ""8"": ""Em agências/espaço de recrutamento para trabalho"", ""9"": ""Na comunidade onde mora"", ""10"": ""No transporte público"", ""99"": ""Não sabe/ Não respondeu""}",26,1974
P6_5,P6_5,P.06) Em quais desses espaços o(a) sr(a) sofre ou já sofreu racismo? Algum outro?,numeric,23,9,"{""1"": ""No ambiente familiar"", ""2"": ""No trabalho"", ""3"": ""Na escola/faculdade/universidade"", ""4"": ""No espaço religioso que frequenta"", ""5"": ""Em espaços públicos (ruas, parques, praças etc)"", ""6"": ""Em estabelecimentos comerciais (supermercados, shopping, lojas de rua, cinemas, restaurantes, etc.)"", ""7"": ""No banco"", ""8"": ""Em agências/espaço de recrutamento para trabalho"", ""9"": ""Na comunidade onde mora"", ""10"": ""No transporte público"", ""99"": ""Não sabe/ Não respondeu""}",12,1988
P6_6,P6_6,P.06) Em quais desses espaços o(a) sr(a) sofre ou já sofreu racismo? Algum outro?,numeric,24,9,"{""1"": ""No ambiente familiar"", ""2"": ""No trabalho"", ""3"": ""Na escola/faculdade/universidade"", ""4"": ""No espaço religioso que frequenta"", ""5"": ""Em espaços públicos (ruas, parques, praças etc)"", ""6"": ""Em estabelecimentos comerciais (supermercados, shopping, lojas de rua, cinemas, restaurantes, etc.)"", ""7"": ""No banco"", ""8"": ""Em agências/espaço de recrutamento para trabalho"", ""9"": ""Na comunidade onde mora"", ""10"": ""No transporte público"", ""99"": ""Não sabe/ Não respondeu""}",4,1996
P6_7,P6_7,P.06) Em quais desses espaços o(a) sr(a) sofre ou já sofreu racismo? Algum outro?,numeric,25,9,"{""1"": ""No ambiente familiar"", ""2"": ""No trabalho"", ""3"": ""Na escola/faculdade/universidade"", ""4"": ""No espaço religioso que frequenta"", ""5"": ""Em espaços públicos (ruas, parques, praças etc)"", ""6"": ""Em estabelecimentos comerciais (supermercados, shopping, lojas de rua, cinemas, restaurantes, etc.)"", ""7"": ""No banco"", ""8"": ""Em agências/espaço de recrutamento para trabalho"", ""9"": ""Na comunidade onde mora"", ""10"": ""No transporte público"", ""99"": ""Não sabe/ Não respondeu""}",2,1998
P6_8,P6_8,P.06) Em quais desses espaços o(a) sr(a) sofre ou já sofreu racismo? Algum outro?,numeric,26,9,"{""1"": ""No ambiente familiar"", ""2"": ""No trabalho"", ""3"": ""Na escola/faculdade/universidade"", ""4"": ""No espaço religioso que frequenta"", ""5"": ""Em espaços públicos (ruas, parques, praças etc)"", ""6"": ""Em estabelecimentos comerciais (supermercados, shopping, lojas de rua, cinemas, restaurantes, etc.)"", ""7"": ""No banco"", ""8"": ""Em agências/espaço de recrutamento para trabalho"", ""9"": ""Na comunidade onde mora"", ""10"": ""No transporte público"", ""99"": ""Não sabe/ Não respondeu""}",1,1999
P6_9,P6_9,P.06) Em quais desses espaços o(a) sr(a) sofre ou já sofreu racismo? Algum outro?,numeric,27,9,"{""1"": ""No ambiente familiar"", ""2"": ""No trabalho"", ""3"": ""Na escola/faculdade/universidade"", ""4"": ""No espaço religioso que frequenta"", ""5"": ""Em espaços públicos (ruas, parques, praças etc)"", ""6"": ""Em estabelecimentos comerciais (supermercados, shopping, lojas de rua, cinemas, restaurantes, etc.)"", ""7"": ""No banco"", ""8"": ""Em agências/espaço de recrutamento para trabalho"", ""9"": ""Na comunidade onde mora"", ""10"": ""No transporte público"", ""99"": ""Não sabe/ Não respondeu""}",1,1999
P6_10,P6_10,P.06) Em quais desses espaços o(a) sr(a) sofre ou já sofreu racismo? Algum outro?,numeric,28,9,"{""1"": ""No ambiente familiar"", ""2"": ""No trabalho"", ""3"": ""Na escola/faculdade/universidade"", ""4"": ""No espaço religioso que frequenta"", ""5"": ""Em espaços públicos (ruas, parques, praças etc)"", ""6"": ""Em estabelecimentos comerciais (supermercados, shopping, lojas de rua, cinemas, restaurantes, etc.)"", ""7"": ""No banco"", ""8"": ""Em agências/espaço de recrutamento para trabalho"", ""9"": ""Na comunidade onde mora"", ""10"": ""No transporte público"", ""99"": ""Não sabe/ Não respondeu""}",1,1999
P7_1,P7_1,"P.07) Dentre essas opções, quais o(a) sr(a) considera racismo? ",numeric,29,10,"{""1"": ""Ação ou prática motivada contra um grupo de uma raça/cor/etnia"", ""2"": ""Ação ou prática motivada contra um grupo de uma origem social ou territorial"", ""3"": ""Ação motivada contra as práticas culturais de um grupo"", ""4"": ""Ação ou prática motivada contra a religião de um grupo"", ""5"": ""Ação ou prática motivada devido às características de uma pessoa"", ""6"": ""Produção de desigualdades a partir das diferenças entre os grupos"", ""99"": ""Não sabe/ Não respondeu""}",2000,0
P7_2,P7_2,"P.07) Dentre essas opções, quais o(a) sr(a) considera racismo? Mais alguma? ",numeric,30,10,"{""1"": ""Ação ou prática motivada contra um grupo de uma raça/cor/etnia"", ""2"": ""Ação ou prática motivada contra um grupo de uma origem social ou territorial"", ""3"": ""Ação motivada contra as práticas culturais de um grupo"", ""4"": ""Ação ou prática motivada contra a religião de um grupo"", ""5"": ""Ação ou prática motivada devido às características de uma pessoa"", ""6"": ""Produção de desigualdades a partir das diferenças entre os grupos"", ""99"": ""Não sabe/ Não respondeu""}",878,1122
P7_3,P7_3,"P.07) Dentre essas opções, quais o(a) sr(a) considera racismo? Alguma outra?",numeric,31,10,"{""1"": ""Ação ou prática motivada contra um grupo de uma raça/cor/etnia"", ""2"": ""Ação ou prática motivada contra um grupo de uma origem social ou territorial"", ""3"": ""Ação motivada contra as práticas culturais de um grupo"", ""4"": ""Ação ou prática motivada contra a religião de um grupo"", ""5"": ""Ação ou prática motivada devido às características de uma pessoa"", ""6"": ""Produção de desigualdades a partir das diferenças entre os grupos"", ""99"": ""Não sabe/ Não respondeu""}",472,1528
P7_4,P7_4,"P.07) Dentre essas opções, quais o(a) sr(a) considera racismo? Alguma outra?",numeric,32,10,"{""1"": ""Ação ou prática motivada contra um grupo de uma raça/cor/etnia"", ""2"": ""Ação ou prática motivada contra um grupo de uma origem social ou territorial"", ""3"": ""Ação motivada contra as práticas culturais de um grupo"", ""4"": ""Ação ou prática motivada contra a religião de um grupo"", ""5"": ""Ação ou prática motivada devido às características de uma pessoa"", ""6"": ""Produção de desigualdades a partir das diferenças entre os grupos"", ""99"": ""Não sabe/ Não respondeu""}",149,1851
P7_5,P7_5,"P.07) Dentre essas opções, quais o(a) sr(a) considera racismo? Alguma outra?",numeric,33,10,"{""1"": ""Ação ou prática motivada contra um grupo de uma raça/cor/etnia"", ""2"": ""Ação ou prática motivada contra um grupo de uma origem social ou territorial"", ""3"": ""Ação motivada contra as práticas culturais de um grupo"", ""4"": ""Ação ou prática motivada contra a religião de um grupo"", ""5"": ""Ação ou prática motivada devido às características de uma pessoa"", ""6"": ""Produção de desigualdades a partir das diferenças entre os grupos"", ""99"": ""Não sabe/ Não respondeu""}",113,1887
P7_6,P7_6,"P.07) Dentre essas opções, quais o(a) sr(a) considera racismo? Alguma outra?",numeric,34,10,"{""1"": ""Ação ou prática motivada contra um grupo de uma raça/cor/etnia"", ""2"": ""Ação ou prática motivada contra um grupo de uma origem social ou territorial"", ""3"": ""Ação motivada contra as práticas culturais de um grupo"", ""4"": ""Ação ou prática motivada contra a religião de um grupo"", ""5"": ""Ação ou prática motivada devido às características de uma pessoa"", ""6"": ""Produção de desigualdades a partir das diferenças entre os grupos"", ""99"": ""Não sabe/ Não respondeu""}",91,1909
P8_1,P8_1,"P.08) Na sua opinião, quais situações a seguir representam a forma como as pessoas manifestam o racismo? ",numeric,35,11,"{""1"": ""Violência verbal, como xingamentos ou ofensas"", ""2"": ""Tratamento desigual"", ""3"": ""Negação de oportunidades"", ""4"": ""Violência física, como agressões"", ""5"": ""Exclusão/isolamento/desprezo de um grupo de pessoas"", ""6"": ""Intolerância religiosa"", ""7"": ""Conflitos interpessoais, quando pessoas de um mesmo grupo apresentam opiniões diferentes em relação a algum assunto"", ""8"": ""Práticas ou ações que favorecem um determinado grupo de pessoas"", ""9"": ""Desigualdade de investimento em diferentes territórios, a depender do grupo que ali vive"", ""10"": ""Ações e medidas institucionais (do Estado e de organizações privadas ou públicas)"", ""11"": ""Negação da história, das contribuições e das potências de um determinado grupo de pessoas"", ""12"": ""Ignorar a existência de um determinado grupo de pessoas"", ""13"": ""Pressionar ou constranger alguém para mudar sua aparência (cabelo, roupas, etc.)"", ""97"": ""Nenhuma destas/Outras"", ""99"": ""Não sabe/ Não respondeu""}",2000,0
P8_2,P8_2,"P.08) Na sua opinião, quais situações a seguir representam a forma como as pessoas manifestam o racismo? Mais alguma?",numeric,36,11,"{""1"": ""Violência verbal, como xingamentos ou ofensas"", ""2"": ""Tratamento desigual"", ""3"": ""Negação de oportunidades"", ""4"": ""Violência física, como agressões"", ""5"": ""Exclusão/isolamento/desprezo de um grupo de pessoas"", ""6"": ""Intolerância religiosa"", ""7"": ""Conflitos interpessoais, quando pessoas de um mesmo grupo apresentam opiniões diferentes em relação a algum assunto"", ""8"": ""Práticas ou ações que favorecem um determinado grupo de pessoas"", ""9"": ""Desigualdade de investimento em diferentes territórios, a depender do grupo que ali vive"", ""10"": ""Ações e medidas institucionais (do Estado e de organizações privadas ou públicas)"", ""11"": ""Negação da história, das contribuições e das potências de um determinado grupo de pessoas"", ""12"": ""Ignorar a existência de um determinado grupo de pessoas"", ""13"": ""Pressionar ou constranger alguém para mudar sua aparência (cabelo, roupas, etc.)"", ""97"": ""Nenhuma destas/Outras"", ""99"": ""Não sabe/ Não respondeu""}",1335,665
P8_3,P8_3,"P.08) Na sua opinião, quais situações a seguir representam a forma como as pessoas manifestam o racismo? Alguma outra?",numeric,37,11,"{""1"": ""Violência verbal, como xingamentos ou ofensas"", ""2"": ""Tratamento desigual"", ""3"": ""Negação de oportunidades"", ""4"": ""Violência física, como agressões"", ""5"": ""Exclusão/isolamento/desprezo de um grupo de pessoas"", ""6"": ""Intolerância religiosa"", ""7"": ""Conflitos interpessoais, quando pessoas de um mesmo grupo apresentam opiniões diferentes em relação a algum assunto"", ""8"": ""Práticas ou ações que favorecem um determinado grupo de pessoas"", ""9"": ""Desigualdade de investimento em diferentes territórios, a depender do grupo que ali vive"", ""10"": ""Ações e medidas institucionais (do Estado e de organizações privadas ou públicas)"", ""11"": ""Negação da história, das contribuições e das potências de um determinado grupo de pessoas"", ""12"": ""Ignorar a existência de um determinado grupo de pessoas"", ""13"": ""Pressionar ou constranger alguém para mudar sua aparência (cabelo, roupas, etc.)"", ""97"": ""Nenhuma destas/Outras"", ""99"": ""Não sabe/ Não respondeu""}",940,1060
P8_4,P8_4,"P.08) Na sua opinião, quais situações a seguir representam a forma como as pessoas manifestam o racismo? Alguma outra?",numeric,38,11,"{""1"": ""Violência verbal, como xingamentos ou ofensas"", ""2"": ""Tratamento desigual"", ""3"": ""Negação de oportunidades"", ""4"": ""Violência física, como agressões"", ""5"": ""Exclusão/isolamento/desprezo de um grupo de pessoas"", ""6"": ""Intolerância religiosa"", ""7"": ""Conflitos interpessoais, quando pessoas de um mesmo grupo apresentam opiniões diferentes em relação a algum assunto"", ""8"": ""Práticas ou ações que favorecem um determinado grupo de pessoas"", ""9"": ""Desigualdade de investimento em diferentes territórios, a depender do grupo que ali vive"", ""10"": ""Ações e medidas institucionais (do Estado e de organizações privadas ou públicas)"", ""11"": ""Negação da história, das contribuições e das potências de um determinado grupo de pessoas"", ""12"": ""Ignorar a existência de um determinado grupo de pessoas"", ""13"": ""Pressionar ou constranger alguém para mudar sua aparência (cabelo, roupas, etc.)"", ""97"": ""Nenhuma destas/Outras"", ""99"": ""Não sabe/ Não respondeu""}",374,1626
P8_5,P8_5,"P.08) Na sua opinião, quais situações a seguir representam a forma como as pessoas manifestam o racismo? Alguma outra?",numeric,39,11,"{""1"": ""Violência verbal, como xingamentos ou ofensas"", ""2"": ""Tratamento desigual"", ""3"": ""Negação de oportunidades"", ""4"": ""Violência física, como agressões"", ""5"": ""Exclusão/isolamento/desprezo de um grupo de pessoas"", ""6"": ""Intolerância religiosa"", ""7"": ""Conflitos interpessoais, quando pessoas de um mesmo grupo apresentam opiniões diferentes em relação a algum assunto"", ""8"": ""Práticas ou ações que favorecem um determinado grupo de pessoas"", ""9"": ""Desigualdade de investimento em diferentes territórios, a depender do grupo que ali vive"", ""10"": ""Ações e medidas institucionais (do Estado e de organizações privadas ou públicas)"", ""11"": ""Negação da história, das contribuições e das potências de um determinado grupo de pessoas"", ""12"": ""Ignorar a existência de um determinado grupo de pessoas"", ""13"": ""Pressionar ou constranger alguém para mudar sua aparência (cabelo, roupas, etc.)"", ""97"": ""Nenhuma destas/Outras"", ""99"": ""Não sabe/ Não respondeu""}",234,1766
P8_6,P8_6,"P.08) Na sua opinião, quais situações a seguir representam a forma como as pessoas manifestam o racismo? Alguma outra?",numeric,40,11,"{""1"": ""Violência verbal, como xingamentos ou ofensas"", ""2"": ""Tratamento desigual"", ""3"": ""Negação de oportunidades"", ""4"": ""Violência física, como agressões"", ""5"": ""Exclusão/isolamento/desprezo de um grupo de pessoas"", ""6"": ""Intolerância religiosa"", ""7"": ""Conflitos interpessoais, quando pessoas de um mesmo grupo apresentam opiniões diferentes em relação a algum assunto"", ""8"": ""Práticas ou ações que favorecem um determinado grupo de pessoas"", ""9"": ""Desigualdade de investimento em diferentes territórios, a depender do grupo que ali vive"", ""10"": ""Ações e medidas institucionais (do Estado e de organizações privadas ou públicas)"", ""11"": ""Negação da história, das contribuições e das potências de um determinado grupo de pessoas"", ""12"": ""Ignorar a existência de um determinado grupo de pessoas"", ""13"": ""Pressionar ou constranger alguém para mudar sua aparência (cabelo, roupas, etc.)"", ""97"": ""Nenhuma destas/Outras"", ""99"": ""Não sabe/ Não respondeu""}",179,1821
P8_7,P8_7,"P.08) Na sua opinião, quais situações a seguir representam a forma como as pessoas manifestam o racismo? Alguma outra?",numeric,41,11,"{""1"": ""Violência verbal, como xingamentos ou ofensas"", ""2"": ""Tratamento desigual"", ""3"": ""Negação de oportunidades"", ""4"": ""Violência física, como agressões"", ""5"": ""Exclusão/isolamento/desprezo de um grupo de pessoas"", ""6"": ""Intolerância religiosa"", ""7"": ""Conflitos interpessoais, quando pessoas de um mesmo grupo apresentam opiniões diferentes em relação a algum assunto"", ""8"": ""Práticas ou ações que favorecem um determinado grupo de pessoas"", ""9"": ""Desigualdade de investimento em diferentes territórios, a depender do grupo que ali vive"", ""10"": ""Ações e medidas institucionais (do Estado e de organizações privadas ou públicas)"", ""11"": ""Negação da história, das contribuições e das potências de um determinado grupo de pessoas"", ""12"": ""Ignorar a existência de um determinado grupo de pessoas"", ""13"": ""Pressionar ou constranger alguém para mudar sua aparência (cabelo, roupas, etc.)"", ""97"": ""Nenhuma destas/Outras"", ""99"": ""Não sabe/ Não respondeu""}",140,1860
P8_8,P8_8,"P.08) Na sua opinião, quais situações a seguir representam a forma como as pessoas manifestam o racismo? Alguma outra?",numeric,42,11,"{""1"": ""Violência verbal, como xingamentos ou ofensas"", ""2"": ""Tratamento desigual"", ""3"": ""Negação de oportunidades"", ""4"": ""Violência física, como agressões"", ""5"": ""Exclusão/isolamento/desprezo de um grupo de pessoas"", ""6"": ""Intolerância religiosa"", ""7"": ""Conflitos interpessoais, quando pessoas de um mesmo grupo apresentam opiniões diferentes em relação a algum assunto"", ""8"": ""Práticas ou ações que favorecem um determinado grupo de pessoas"", ""9"": ""Desigualdade de investimento em diferentes territórios, a depender do grupo que ali vive"", ""10"": ""Ações e medidas institucionais (do Estado e de organizações privadas ou públicas)"", ""11"": ""Negação da história, das contribuições e das potências de um determinado grupo de pessoas"", ""12"": ""Ignorar a existência de um determinado grupo de pessoas"", ""13"": ""Pressionar ou constranger alguém para mudar sua aparência (cabelo, roupas, etc.)"", ""97"": ""Nenhuma destas/Outras"", ""99"": ""Não sabe/ Não respondeu""}",119,1881
P8_9,P8_9,"P.08) Na sua opinião, quais situações a seguir representam a forma como as pessoas manifestam o racismo? Alguma outra?",numeric,43,11,"{""1"": ""Violência verbal, como xingamentos ou ofensas"", ""2"": ""Tratamento desigual"", ""3"": ""Negação de oportunidades"", ""4"": ""Violência física, como agressões"", ""5"": ""Exclusão/isolamento/desprezo de um grupo de pessoas"", ""6"": ""Intolerância religiosa"", ""7"": ""Conflitos interpessoais, quando pessoas de um mesmo grupo apresentam opiniões diferentes em relação a algum assunto"", ""8"": ""Práticas ou ações que favorecem um determinado grupo de pessoas"", ""9"": ""Desigualdade de investimento em diferentes territórios, a depender do grupo que ali vive"", ""10"": ""Ações e medidas institucionais (do Estado e de organizações privadas ou públicas)"", ""11"": ""Negação da história, das contribuições e das potências de um determinado grupo de pessoas"", ""12"": ""Ignorar a existência de um determinado grupo de pessoas"", ""13"": ""Pressionar ou constranger alguém para mudar sua aparência (cabelo, roupas, etc.)"", ""97"": ""Nenhuma destas/Outras"", ""99"": ""Não sabe/ Não respondeu""}",101,1899
P8_10,P8_10,"P.08) Na sua opinião, quais situações a seguir representam a forma como as pessoas manifestam o racismo? Alguma outra?",numeric,44,11,"{""1"": ""Violência verbal, como xingamentos ou ofensas"", ""2"": ""Tratamento desigual"", ""3"": ""Negação de oportunidades"", ""4"": ""Violência física, como agressões"", ""5"": ""Exclusão/isolamento/desprezo de um grupo de pessoas"", ""6"": ""Intolerância religiosa"", ""7"": ""Conflitos interpessoais, quando pessoas de um mesmo grupo apresentam opiniões diferentes em relação a algum assunto"", ""8"": ""Práticas ou ações que favorecem um determinado grupo de pessoas"", ""9"": ""Desigualdade de investimento em diferentes territórios, a depender do grupo que ali vive"", ""10"": ""Ações e medidas institucionais (do Estado e de organizações privadas ou públicas)"", ""11"": ""Negação da história, das contribuições e das potências de um determinado grupo de pessoas"", ""12"": ""Ignorar a existência de um determinado grupo de pessoas"", ""13"": ""Pressionar ou constranger alguém para mudar sua aparência (cabelo, roupas, etc.)"", ""97"": ""Nenhuma destas/Outras"", ""99"": ""Não sabe/ Não respondeu""}",87,1913
P8_11,P8_11,"P.08) Na sua opinião, quais situações a seguir representam a forma como as pessoas manifestam o racismo? Alguma outra?",numeric,45,11,"{""1"": ""Violência verbal, como xingamentos ou ofensas"", ""2"": ""Tratamento desigual"", ""3"": ""Negação de oportunidades"", ""4"": ""Violência física, como agressões"", ""5"": ""Exclusão/isolamento/desprezo de um grupo de pessoas"", ""6"": ""Intolerância religiosa"", ""7"": ""Conflitos interpessoais, quando pessoas de um mesmo grupo apresentam opiniões diferentes em relação a algum assunto"", ""8"": ""Práticas ou ações que favorecem um determinado grupo de pessoas"", ""9"": ""Desigualdade de investimento em diferentes territórios, a depender do grupo que ali vive"", ""10"": ""Ações e medidas institucionais (do Estado e de organizações privadas ou públicas)"", ""11"": ""Negação da história, das contribuições e das potências de um determinado grupo de pessoas"", ""12"": ""Ignorar a existência de um determinado grupo de pessoas"", ""13"": ""Pressionar ou constranger alguém para mudar sua aparência (cabelo, roupas, etc.)"", ""97"": ""Nenhuma destas/Outras"", ""99"": ""Não sabe/ Não respondeu""}",78,1922
P8_12,P8_12,"P.08) Na sua opinião, quais situações a seguir representam a forma como as pessoas manifestam o racismo? Alguma outra?",numeric,46,11,"{""1"": ""Violência verbal, como xingamentos ou ofensas"", ""2"": ""Tratamento desigual"", ""3"": ""Negação de oportunidades"", ""4"": ""Violência física, como agressões"", ""5"": ""Exclusão/isolamento/desprezo de um grupo de pessoas"", ""6"": ""Intolerância religiosa"", ""7"": ""Conflitos interpessoais, quando pessoas de um mesmo grupo apresentam opiniões diferentes em relação a algum assunto"", ""8"": ""Práticas ou ações que favorecem um determinado grupo de pessoas"", ""9"": ""Desigualdade de investimento em diferentes territórios, a depender do grupo que ali vive"", ""10"": ""Ações e medidas institucionais (do Estado e de organizações privadas ou públicas)"", ""11"": ""Negação da história, das contribuições e das potências de um determinado grupo de pessoas"", ""12"": ""Ignorar a existência de um determinado grupo de pessoas"", ""13"": ""Pressionar ou constranger alguém para mudar sua aparência (cabelo, roupas, etc.)"", ""97"": ""Nenhuma destas/Outras"", ""99"": ""Não sabe/ Não respondeu""}",71,1929
P8_13,P8_13,"P.08) Na sua opinião, quais situações a seguir representam a forma como as pessoas manifestam o racismo? Alguma outra?",numeric,47,11,"{""1"": ""Violência verbal, como xingamentos ou ofensas"", ""2"": ""Tratamento desigual"", ""3"": ""Negação de oportunidades"", ""4"": ""Violência física, como agressões"", ""5"": ""Exclusão/isolamento/desprezo de um grupo de pessoas"", ""6"": ""Intolerância religiosa"", ""7"": ""Conflitos interpessoais, quando pessoas de um mesmo grupo apresentam opiniões diferentes em relação a algum assunto"", ""8"": ""Práticas ou ações que favorecem um determinado grupo de pessoas"", ""9"": ""Desigualdade de investimento em diferentes territórios, a depender do grupo que ali vive"", ""10"": ""Ações e medidas institucionais (do Estado e de organizações privadas ou públicas)"", ""11"": ""Negação da história, das contribuições e das potências de um determinado grupo de pessoas"", ""12"": ""Ignorar a existência de um determinado grupo de pessoas"", ""13"": ""Pressionar ou constranger alguém para mudar sua aparência (cabelo, roupas, etc.)"", ""97"": ""Nenhuma destas/Outras"", ""99"": ""Não sabe/ Não respondeu""}",58,1942
P9_1,P9_1,"P.09) Na sua opinião, qual desses grupos de pessoas mais sofre racismo no Brasil? (1º lugar)",numeric,48,12,"{""1"": ""Pretos"", ""2"": ""Pardos"", ""3"": ""Indígenas"", ""4"": ""Quilombolas"", ""5"": ""Brancos"", ""6"": ""Asiáticos"", ""7"": ""Imigrantes latinos"", ""8"": ""Imigrantes africanos"", ""9"": ""Imigrantes asiáticos"", ""10"": ""Imigrantes europeus"", ""97"": ""Nenhum destes"", ""99"": ""Não sabe/ Não respondeu""}",2000,0
P9_2,P9_2,"P.09) Na sua opinião, qual desses grupos de pessoas mais sofre racismo no Brasil? (2º lugar)",numeric,49,12,"{""1"": ""Pretos"", ""2"": ""Pardos"", ""3"": ""Indígenas"", ""4"": ""Quilombolas"", ""5"": ""Brancos"", ""6"": ""Asiáticos"", ""7"": ""Imigrantes latinos"", ""8"": ""Imigrantes africanos"", ""9"": ""Imigrantes asiáticos"", ""10"": ""Imigrantes europeus"", ""97"": ""Nenhum destes"", ""99"": ""Não sabe/ Não respondeu""}",1955,45
P9_3,P9_3,"P.09) Na sua opinião, qual desses grupos de pessoas mais sofre racismo no Brasil? (3º lugar)",numeric,50,12,"{""1"": ""Pretos"", ""2"": ""Pardos"", ""3"": ""Indígenas"", ""4"": ""Quilombolas"", ""5"": ""Brancos"", ""6"": ""Asiáticos"", ""7"": ""Imigrantes latinos"", ""8"": ""Imigrantes africanos"", ""9"": ""Imigrantes asiáticos"", ""10"": ""Imigrantes europeus"", ""97"": ""Nenhum destes"", ""99"": ""Não sabe/ Não respondeu""}",1775,225
P10,P10,P.10) O(A) sr(a) diria que concorda ou discorda com a criminalização do racismo no Brasil?,numeric,51,13,"{""1"": ""Concorda totalmente"", ""2"": ""Concorda em parte"", ""3"": ""Não concorda, nem discorda"", ""4"": ""Discorda em parte"", ""5"": ""Discorda totalmente"", ""99"": ""Não sabe/ Não respondeu""}",2000,0
P11,P11,P.11) O(A) sr(a) acredita que as leis que criminalizam o racismo no Brasil são:,numeric,52,14,"{""1"": ""Suficientes apenas para evitar práticas racistas por parte das pessoas"", ""2"": ""Suficientes apenas para evitar práticas racistas por parte das instituições/empresas"", ""3"": ""Suficientes para evitar práticas racistas tanto por parte das pessoas, quanto das instituições/empresas"", ""4"": ""Não são suficientes para evitar práticas racistas"", ""99"": ""Não sabe/ Não respondeu""}",2000,0
P12,P12,P.12) O(A) sr(a) sabe ou já ouviu falar sobre racismo ambiental?,numeric,53,15,"{""1"": ""Sim"", ""2"": ""Não""}",2000,0
P13_1,P13_1,"P.13) Considerando tudo que o(a) sr(a) sabe ou já ouviu falar a respeito, a repetição de desastres ambientais em determinadas cidades e regiões do país acontecem por quais dessas razões? ",numeric,54,16,"{""1"": ""Descaso do poder público"", ""2"": ""Permissão inadequada da exploração de territórios"", ""3"": ""Ocupação desordenada das cidades"", ""4"": ""Falta de planejamento urbano nas periferias das cidades"", ""5"": ""Falta de garantia do direito à moradia adequada"", ""6"": ""Racismo ambiental"", ""7"": ""Falta de fiscalização por parte do poder público"", ""8"": ""Descumprimentos de normas ambientais pelas empresas públicas e privadas"", ""97"": ""Nenhuma destas"", ""99"": ""Não sabe/ Não respondeu""}",2000,0
P13_2,P13_2,"P.13) Considerando tudo que o(a) sr(a) sabe ou já ouviu falar a respeito, a repetição de desastres ambientais em determinadas cidades e regiões do país acontecem por quais dessas razões? Mais alguma?",numeric,55,16,"{""1"": ""Descaso do poder público"", ""2"": ""Permissão inadequada da exploração de territórios"", ""3"": ""Ocupação desordenada das cidades"", ""4"": ""Falta de planejamento urbano nas periferias das cidades"", ""5"": ""Falta de garantia do direito à moradia adequada"", ""6"": ""Racismo ambiental"", ""7"": ""Falta de fiscalização por parte do poder público"", ""8"": ""Descumprimentos de normas ambientais pelas empresas públicas e privadas"", ""97"": ""Nenhuma destas"", ""99"": ""Não sabe/ Não respondeu""}",1181,819
P13_3,P13_3,"P.13) Considerando tudo que o(a) sr(a) sabe ou já ouviu falar a respeito, a repetição de desastres ambientais em determinadas cidades e regiões do país acontecem por quais dessas razões? Alguma outra?",numeric,56,16,"{""1"": ""Descaso do poder público"", ""2"": ""Permissão inadequada da exploração de territórios"", ""3"": ""Ocupação desordenada das cidades"", ""4"": ""Falta de planejamento urbano nas periferias das cidades"", ""5"": ""Falta de garantia do direito à moradia adequada"", ""6"": ""Racismo ambiental"", ""7"": ""Falta de fiscalização por parte do poder público"", ""8"": ""Descumprimentos de normas ambientais pelas empresas públicas e privadas"", ""97"": ""Nenhuma destas"", ""99"": ""Não sabe/ Não respondeu""}",733,1267
P13_4,P13_4,"P.13) Considerando tudo que o(a) sr(a) sabe ou já ouviu falar a respeito, a repetição de desastres ambientais em determinadas cidades e regiões do país acontecem por quais dessas razões? Alguma outra?",numeric,57,16,"{""1"": ""Descaso do poder público"", ""2"": ""Permissão inadequada da exploração de territórios"", ""3"": ""Ocupação desordenada das cidades"", ""4"": ""Falta de planejamento urbano nas periferias das cidades"", ""5"": ""Falta de garantia do direito à moradia adequada"", ""6"": ""Racismo ambiental"", ""7"": ""Falta de fiscalização por parte do poder público"", ""8"": ""Descumprimentos de normas ambientais pelas empresas públicas e privadas"", ""97"": ""Nenhuma destas"", ""99"": ""Não sabe/ Não respondeu""}",179,1821
P13_5,P13_5,"P.13) Considerando tudo que o(a) sr(a) sabe ou já ouviu falar a respeito, a repetição de desastres ambientais em determinadas cidades e regiões do país acontecem por quais dessas razões? Alguma outra?",numeric,58,16,"{""1"": ""Descaso do poder público"", ""2"": ""Permissão inadequada da exploração de territórios"", ""3"": ""Ocupação desordenada das cidades"", ""4"": ""Falta de planejamento urbano nas periferias das cidades"", ""5"": ""Falta de garantia do direito à moradia adequada"", ""6"": ""Racismo ambiental"", ""7"": ""Falta de fiscalização por parte do poder público"", ""8"": ""Descumprimentos de normas ambientais pelas empresas públicas e privadas"", ""97"": ""Nenhuma destas"", ""99"": ""Não sabe/ Não respondeu""}",102,1898
P13_6,P13_6,"P.13) Considerando tudo que o(a) sr(a) sabe ou já ouviu falar a respeito, a repetição de desastres ambientais em determinadas cidades e regiões do país acontecem por quais dessas razões? Alguma outra?",numeric,59,16,"{""1"": ""Descaso do poder público"", ""2"": ""Permissão inadequada da exploração de territórios"", ""3"": ""Ocupação desordenada das cidades"", ""4"": ""Falta de planejamento urbano nas periferias das cidades"", ""5"": ""Falta de garantia do direito à moradia adequada"", ""6"": ""Racismo ambiental"", ""7"": ""Falta de fiscalização por parte do poder público"", ""8"": ""Descumprimentos de normas ambientais pelas empresas públicas e privadas"", ""97"": ""Nenhuma destas"", ""99"": ""Não sabe/ Não respondeu""}",73,1927
P13_7,P13_7,"P.13) Considerando tudo que o(a) sr(a) sabe ou já ouviu falar a respeito, a repetição de desastres ambientais em determinadas cidades e regiões do país acontecem por quais dessas razões? Alguma outra?",numeric,60,16,"{""1"": ""Descaso do poder público"", ""2"": ""Permissão inadequada da exploração de territórios"", ""3"": ""Ocupação desordenada das cidades"", ""4"": ""Falta de planejamento urbano nas periferias das cidades"", ""5"": ""Falta de garantia do direito à moradia adequada"", ""6"": ""Racismo ambiental"", ""7"": ""Falta de fiscalização por parte do poder público"", ""8"": ""Descumprimentos de normas ambientais pelas empresas públicas e privadas"", ""97"": ""Nenhuma destas"", ""99"": ""Não sabe/ Não respondeu""}",56,1944
P13_8,P13_8,"P.13) Considerando tudo que o(a) sr(a) sabe ou já ouviu falar a respeito, a repetição de desastres ambientais em determinadas cidades e regiões do país acontecem por quais dessas razões? Alguma outra?",numeric,61,16,"{""1"": ""Descaso do poder público"", ""2"": ""Permissão inadequada da exploração de territórios"", ""3"": ""Ocupação desordenada das cidades"", ""4"": ""Falta de planejamento urbano nas periferias das cidades"", ""5"": ""Falta de garantia do direito à moradia adequada"", ""6"": ""Racismo ambiental"", ""7"": ""Falta de fiscalização por parte do poder público"", ""8"": ""Descumprimentos de normas ambientais pelas empresas públicas e privadas"", ""97"": ""Nenhuma destas"", ""99"": ""Não sabe/ Não respondeu""}",43,1957
P14_1,P14_1,P.14) Quais dos temas presentes a seguir o(a) sr(a) aprendeu na escola? ,numeric,62,17,"{""1"": ""Racismo"", ""2"": ""História e cultura afro-brasileira"", ""3"": ""História e cultura indígena"", ""4"": ""História e cultura africana"", ""5"": ""História das contribuições e do protagonismo das mulheres"", ""6"": ""Gênero, busca de igualdade entre homens e mulheres/forma como a sociedade entende pessoas do sexo masculino e feminino"", ""7"": ""Sexualidade, atração sexual e afetiva compartilhada entre as pessoas"", ""8"": ""Nenhum desses"", ""99"": ""Não sabe/ Não lembra/ Não respondeu""}",2000,0
P14_2,P14_2,P.14) Quais dos temas presentes a seguir o(a) sr(a) aprendeu na escola? Mais algum?,numeric,63,17,"{""1"": ""Racismo"", ""2"": ""História e cultura afro-brasileira"", ""3"": ""História e cultura indígena"", ""4"": ""História e cultura africana"", ""5"": ""História das contribuições e do protagonismo das mulheres"", ""6"": ""Gênero, busca de igualdade entre homens e mulheres/forma como a sociedade entende pessoas do sexo masculino e feminino"", ""7"": ""Sexualidade, atração sexual e afetiva compartilhada entre as pessoas"", ""8"": ""Nenhum desses"", ""99"": ""Não sabe/ Não lembra/ Não respondeu""}",1033,967
P14_3,P14_3,P.14) Quais dos temas presentes a seguir o(a) sr(a) aprendeu na escola? Mais algum?,numeric,64,17,"{""1"": ""Racismo"", ""2"": ""História e cultura afro-brasileira"", ""3"": ""História e cultura indígena"", ""4"": ""História e cultura africana"", ""5"": ""História das contribuições e do protagonismo das mulheres"", ""6"": ""Gênero, busca de igualdade entre homens e mulheres/forma como a sociedade entende pessoas do sexo masculino e feminino"", ""7"": ""Sexualidade, atração sexual e afetiva compartilhada entre as pessoas"", ""8"": ""Nenhum desses"", ""99"": ""Não sabe/ Não lembra/ Não respondeu""}",635,1365
P14_4,P14_4,P.14) Quais dos temas presentes a seguir o(a) sr(a) aprendeu na escola? Mais algum?,numeric,65,17,"{""1"": ""Racismo"", ""2"": ""História e cultura afro-brasileira"", ""3"": ""História e cultura indígena"", ""4"": ""História e cultura africana"", ""5"": ""História das contribuições e do protagonismo das mulheres"", ""6"": ""Gênero, busca de igualdade entre homens e mulheres/forma como a sociedade entende pessoas do sexo masculino e feminino"", ""7"": ""Sexualidade, atração sexual e afetiva compartilhada entre as pessoas"", ""8"": ""Nenhum desses"", ""99"": ""Não sabe/ Não lembra/ Não respondeu""}",254,1746
P14_5,P14_5,P.14) Quais dos temas presentes a seguir o(a) sr(a) aprendeu na escola? Mais algum?,numeric,66,17,"{""1"": ""Racismo"", ""2"": ""História e cultura afro-brasileira"", ""3"": ""História e cultura indígena"", ""4"": ""História e cultura africana"", ""5"": ""História das contribuições e do protagonismo das mulheres"", ""6"": ""Gênero, busca de igualdade entre homens e mulheres/forma como a sociedade entende pessoas do sexo masculino e feminino"", ""7"": ""Sexualidade, atração sexual e afetiva compartilhada entre as pessoas"", ""8"": ""Nenhum desses"", ""99"": ""Não sabe/ Não lembra/ Não respondeu""}",124,1876
P14_6,P14_6,P.14) Quais dos temas presentes a seguir o(a) sr(a) aprendeu na escola? Mais algum?,numeric,67,17,"{""1"": ""Racismo"", ""2"": ""História e cultura afro-brasileira"", ""3"": ""História e cultura indígena"", ""4"": ""História e cultura africana"", ""5"": ""História das contribuições e do protagonismo das mulheres"", ""6"": ""Gênero, busca de igualdade entre homens e mulheres/forma como a sociedade entende pessoas do sexo masculino e feminino"", ""7"": ""Sexualidade, atração sexual e afetiva compartilhada entre as pessoas"", ""8"": ""Nenhum desses"", ""99"": ""Não sabe/ Não lembra/ Não respondeu""}",92,1908
P14_7,P14_7,P.14) Quais dos temas presentes a seguir o(a) sr(a) aprendeu na escola? Mais algum?,numeric,68,17,"{""1"": ""Racismo"", ""2"": ""História e cultura afro-brasileira"", ""3"": ""História e cultura indígena"", ""4"": ""História e cultura africana"", ""5"": ""História das contribuições e do protagonismo das mulheres"", ""6"": ""Gênero, busca de igualdade entre homens e mulheres/forma como a sociedade entende pessoas do sexo masculino e feminino"", ""7"": ""Sexualidade, atração sexual e afetiva compartilhada entre as pessoas"", ""8"": ""Nenhum desses"", ""99"": ""Não sabe/ Não lembra/ Não respondeu""}",54,1946
P15A,P15A,"P.15A) O(A) sr(a) considera que o racismo foi abordado de forma muito adequada, pouco adequada ou nada adequada?",numeric,69,18,"{""1"": ""Muito adequada"", ""2"": ""Pouco adequada"", ""3"": ""Nada adequada"", ""99"": ""Não sabe/ Não respondeu""}",730,1270
P15B,P15B,"P.15B) O(A) sr(a) considera que a história e cultura afro-brasileira foi abordada de forma muito adequada, pouco adequada ou nada adequada?",numeric,70,18,"{""1"": ""Muito adequada"", ""2"": ""Pouco adequada"", ""3"": ""Nada adequada"", ""99"": ""Não sabe/ Não respondeu""}",927,1073
P15C,P15C,"P.15C) O(A) sr(a) considera que a história e cultura indígena foi abordada de forma muito adequada, pouco adequada ou nada adequada?",numeric,71,18,"{""1"": ""Muito adequada"", ""2"": ""Pouco adequada"", ""3"": ""Nada adequada"", ""99"": ""Não sabe/ Não respondeu""}",1030,970
P15D,P15D,"P.15D) O(A) sr(a) considera que a história e cultura africana foi abordada de forma muito adequada, pouco adequada ou nada adequada?",numeric,72,18,"{""1"": ""Muito adequada"", ""2"": ""Pouco adequada"", ""3"": ""Nada adequada"", ""99"": ""Não sabe/ Não respondeu""}",507,1493
P15E,P15E,"P.15E) O(A) sr(a) considera que a história das contribuições e do protagonismo das mulheres foi abordada de forma muito adequada, pouco adequada ou nada adequada?",numeric,73,18,"{""1"": ""Muito adequada"", ""2"": ""Pouco adequada"", ""3"": ""Nada adequada"", ""99"": ""Não sabe/ Não respondeu""}",192,1808
P15F,P15F,"P.15F) O(A) sr(a) considera que o gênero, busca de igualdade entre homens e mulheres, além da forma como a sociedade entende as pessoas do sexo masculino e feminino foi abordado de forma muito adequada, pouco adequada ou nada adequada?",numeric,74,18,"{""1"": ""Muito adequada"", ""2"": ""Pouco adequada"", ""3"": ""Nada adequada"", ""99"": ""Não sabe/ Não respondeu""}",273,1727
P15G,P15G,"P.15G) O(A) sr(a) considera que a sexualidade, atração sexual e afetiva compartilhada entre as pessoas foi abordada de forma muito adequada, pouco adequada ou nada adequada?",numeric,75,18,"{""1"": ""Muito adequada"", ""2"": ""Pouco adequada"", ""3"": ""Nada adequada"", ""99"": ""Não sabe/ Não respondeu""}",166,1834
P16_1,P16_1,"P.16) Dentre esses temas, quais o(a) sr(a) considera importantes de serem ensinados ou debatidos para a formação nas escolas? ",numeric,76,19,"{""1"": ""Racismo"", ""2"": ""História e cultura afro-brasileira"", ""3"": ""História e cultura indígena"", ""4"": ""História e cultura africana"", ""5"": ""História das contribuições e do protagonismo das mulheres"", ""6"": ""Gênero, busca de igualdade entre homens e mulheres/forma como a sociedade entende pessoas do sexo masculino e feminino"", ""7"": ""Sexualidade, atração sexual e afetiva compartilhada entre as pessoas"", ""97"": ""Nenhum destes"", ""99"": ""Não sabe/ Não respondeu""}",2000,0
P16_2,P16_2,"P.16) Dentre esses temas, quais o(a) sr(a) considera importantes de serem ensinados ou debatidos para a formação nas escolas? Mais algum? ",numeric,77,19,"{""1"": ""Racismo"", ""2"": ""História e cultura afro-brasileira"", ""3"": ""História e cultura indígena"", ""4"": ""História e cultura africana"", ""5"": ""História das contribuições e do protagonismo das mulheres"", ""6"": ""Gênero, busca de igualdade entre homens e mulheres/forma como a sociedade entende pessoas do sexo masculino e feminino"", ""7"": ""Sexualidade, atração sexual e afetiva compartilhada entre as pessoas"", ""97"": ""Nenhum destes"", ""99"": ""Não sabe/ Não respondeu""}",1164,836
P16_3,P16_3,"P.16) Dentre esses temas, quais o(a) sr(a) considera importantes de serem ensinados ou debatidos para a formação nas escolas? Algum outro?",numeric,78,19,"{""1"": ""Racismo"", ""2"": ""História e cultura afro-brasileira"", ""3"": ""História e cultura indígena"", ""4"": ""História e cultura africana"", ""5"": ""História das contribuições e do protagonismo das mulheres"", ""6"": ""Gênero, busca de igualdade entre homens e mulheres/forma como a sociedade entende pessoas do sexo masculino e feminino"", ""7"": ""Sexualidade, atração sexual e afetiva compartilhada entre as pessoas"", ""97"": ""Nenhum destes"", ""99"": ""Não sabe/ Não respondeu""}",794,1206
P16_4,P16_4,"P.16) Dentre esses temas, quais o(a) sr(a) considera importantes de serem ensinados ou debatidos para a formação nas escolas? Algum outro?",numeric,79,19,"{""1"": ""Racismo"", ""2"": ""História e cultura afro-brasileira"", ""3"": ""História e cultura indígena"", ""4"": ""História e cultura africana"", ""5"": ""História das contribuições e do protagonismo das mulheres"", ""6"": ""Gênero, busca de igualdade entre homens e mulheres/forma como a sociedade entende pessoas do sexo masculino e feminino"", ""7"": ""Sexualidade, atração sexual e afetiva compartilhada entre as pessoas"", ""97"": ""Nenhum destes"", ""99"": ""Não sabe/ Não respondeu""}",420,1580
P16_5,P16_5,"P.16) Dentre esses temas, quais o(a) sr(a) considera importantes de serem ensinados ou debatidos para a formação nas escolas? Algum outro?",numeric,80,19,"{""1"": ""Racismo"", ""2"": ""História e cultura afro-brasileira"", ""3"": ""História e cultura indígena"", ""4"": ""História e cultura africana"", ""5"": ""História das contribuições e do protagonismo das mulheres"", ""6"": ""Gênero, busca de igualdade entre homens e mulheres/forma como a sociedade entende pessoas do sexo masculino e feminino"", ""7"": ""Sexualidade, atração sexual e afetiva compartilhada entre as pessoas"", ""97"": ""Nenhum destes"", ""99"": ""Não sabe/ Não respondeu""}",294,1706
P16_6,P16_6,"P.16) Dentre esses temas, quais o(a) sr(a) considera importantes de serem ensinados ou debatidos para a formação nas escolas? Algum outro?",numeric,81,19,"{""1"": ""Racismo"", ""2"": ""História e cultura afro-brasileira"", ""3"": ""História e cultura indígena"", ""4"": ""História e cultura africana"", ""5"": ""História das contribuições e do protagonismo das mulheres"", ""6"": ""Gênero, busca de igualdade entre homens e mulheres/forma como a sociedade entende pessoas do sexo masculino e feminino"", ""7"": ""Sexualidade, atração sexual e afetiva compartilhada entre as pessoas"", ""97"": ""Nenhum destes"", ""99"": ""Não sabe/ Não respondeu""}",250,1750
P16_7,P16_7,"P.16) Dentre esses temas, quais o(a) sr(a) considera importantes de serem ensinados ou debatidos para a formação nas escolas? Algum outro?",numeric,82,19,"{""1"": ""Racismo"", ""2"": ""História e cultura afro-brasileira"", ""3"": ""História e cultura indígena"", ""4"": ""História e cultura africana"", ""5"": ""História das contribuições e do protagonismo das mulheres"", ""6"": ""Gênero, busca de igualdade entre homens e mulheres/forma como a sociedade entende pessoas do sexo masculino e feminino"", ""7"": ""Sexualidade, atração sexual e afetiva compartilhada entre as pessoas"", ""97"": ""Nenhum destes"", ""99"": ""Não sabe/ Não respondeu""}",211,1789
P17_1,P17_1,"P.17) Independente de estar ou não estudando neste momento, o(a) sr(a) diria que já sofreu algum desses tipos de violência na escola?",numeric,83,20,"{""1"": ""Violência física, como agressões físicas, empurrões, tapas, etc."", ""2"": ""Violência psicológica, como ameaças, humilhação, xingamentos, insultos, chantagem, etc."", ""3"": ""Violência/Assédio sexual, qualquer ato ou tentativa de obter ato sexual, investidas/ comentários sexuais indesejávei"", ""4"": ""Violência patrimonial, como ter objetos pessoais destruídos, danificados, furtados ou roubados"", ""5"": ""Violência moral, como difamação, espalhar mentiras e exposição da vida íntima"", ""97"": ""Não sofreu nenhum desses tipos de violência na escola"", ""99"": ""Não sabe/ Não lembra/ Não respondeu""}",2000,0
P17_2,P17_2,"P.17) Independente de estar ou não estudando neste momento, o(a) sr(a) diria que já sofreu algum desses tipos de violência na escola? Mais algum? ",numeric,84,20,"{""1"": ""Violência física, como agressões físicas, empurrões, tapas, etc."", ""2"": ""Violência psicológica, como ameaças, humilhação, xingamentos, insultos, chantagem, etc."", ""3"": ""Violência/Assédio sexual, qualquer ato ou tentativa de obter ato sexual, investidas/ comentários sexuais indesejávei"", ""4"": ""Violência patrimonial, como ter objetos pessoais destruídos, danificados, furtados ou roubados"", ""5"": ""Violência moral, como difamação, espalhar mentiras e exposição da vida íntima"", ""97"": ""Não sofreu nenhum desses tipos de violência na escola"", ""99"": ""Não sabe/ Não lembra/ Não respondeu""}",266,1734
P17_3,P17_3,"P.17) Independente de estar ou não estudando neste momento, o(a) sr(a) diria que já sofreu algum desses tipos de violência na escola? Algum outro?",numeric,85,20,"{""1"": ""Violência física, como agressões físicas, empurrões, tapas, etc."", ""2"": ""Violência psicológica, como ameaças, humilhação, xingamentos, insultos, chantagem, etc."", ""3"": ""Violência/Assédio sexual, qualquer ato ou tentativa de obter ato sexual, investidas/ comentários sexuais indesejávei"", ""4"": ""Violência patrimonial, como ter objetos pessoais destruídos, danificados, furtados ou roubados"", ""5"": ""Violência moral, como difamação, espalhar mentiras e exposição da vida íntima"", ""97"": ""Não sofreu nenhum desses tipos de violência na escola"", ""99"": ""Não sabe/ Não lembra/ Não respondeu""}",117,1883
P17_4,P17_4,"P.17) Independente de estar ou não estudando neste momento, o(a) sr(a) diria que já sofreu algum desses tipos de violência na escola? Algum outro?",numeric,86,20,"{""1"": ""Violência física, como agressões físicas, empurrões, tapas, etc."", ""2"": ""Violência psicológica, como ameaças, humilhação, xingamentos, insultos, chantagem, etc."", ""3"": ""Violência/Assédio sexual, qualquer ato ou tentativa de obter ato sexual, investidas/ comentários sexuais indesejávei"", ""4"": ""Violência patrimonial, como ter objetos pessoais destruídos, danificados, furtados ou roubados"", ""5"": ""Violência moral, como difamação, espalhar mentiras e exposição da vida íntima"", ""97"": ""Não sofreu nenhum desses tipos de violência na escola"", ""99"": ""Não sabe/ Não lembra/ Não respondeu""}",30,1970
P17_5,P17_5,"P.17) Independente de estar ou não estudando neste momento, o(a) sr(a) diria que já sofreu algum desses tipos de violência na escola? Algum outro?",numeric,87,20,"{""1"": ""Violência física, como agressões físicas, empurrões, tapas, etc."", ""2"": ""Violência psicológica, como ameaças, humilhação, xingamentos, insultos, chantagem, etc."", ""3"": ""Violência/Assédio sexual, qualquer ato ou tentativa de obter ato sexual, investidas/ comentários sexuais indesejávei"", ""4"": ""Violência patrimonial, como ter objetos pessoais destruídos, danificados, furtados ou roubados"", ""5"": ""Violência moral, como difamação, espalhar mentiras e exposição da vida íntima"", ""97"": ""Não sofreu nenhum desses tipos de violência na escola"", ""99"": ""Não sabe/ Não lembra/ Não respondeu""}",12,1988
P18_1,P18_1,"P.18) Na sua opinião, o que motivou a violência que o(a) sr(a) sofreu na escola?",numeric,88,21,"{""1"": ""Raça/Cor/Etnia"", ""2"": ""Classe social"", ""3"": ""Gênero ou sexo"", ""4"": ""Local de moradia (cidade, região da cidade, bairro, comunidade)"", ""5"": ""Deficiência (auditiva, visual, intelectual e motora)"", ""6"": ""Orientação sexual (heterossexual, homossexual)"", ""7"": ""Local de origem/onde nasceu (país ou região do país)"", ""8"": ""Religião"", ""9"": ""Opinião política"", ""10"": ""Aparência física"", ""97"": ""Nenhuma destas/Outras"", ""99"": ""Não sabe/ Não lembra/ Não respondeu""}",689,1311
P18_2,P18_2,"P.18) Na sua opinião, o que motivou a violência que o(a) sr(a) sofreu na escola? Mais algum?",numeric,89,22,"{""1"": ""Raça/Cor/Etnia"", ""2"": ""Classe social"", ""3"": ""Gênero ou sexo"", ""4"": ""Local de moradia (cidade, região da cidade, bairro, comunidade)"", ""5"": ""Deficiência (auditiva, visual, intelectual e motora)"", ""6"": ""Orientação sexual (heterossexual, homossexual)"", ""7"": ""Local de origem/onde nasceu (país ou região do país)"", ""8"": ""Religião"", ""9"": ""Opinião política"", ""10"": ""Aparência física"", ""97"": ""Nenhuma destas/Outras"", ""99"": ""Não sabe/ Não lembra/ Não respondeu""}",190,1810
P18_3,P18_3,"P.18) Na sua opinião, o que motivou a violência que o(a) sr(a) sofreu na escola? Algum outro?",numeric,90,22,"{""1"": ""Raça/Cor/Etnia"", ""2"": ""Classe social"", ""3"": ""Gênero ou sexo"", ""4"": ""Local de moradia (cidade, região da cidade, bairro, comunidade)"", ""5"": ""Deficiência (auditiva, visual, intelectual e motora)"", ""6"": ""Orientação sexual (heterossexual, homossexual)"", ""7"": ""Local de origem/onde nasceu (país ou região do país)"", ""8"": ""Religião"", ""9"": ""Opinião política"", ""10"": ""Aparência física"", ""97"": ""Nenhuma destas/Outras"", ""99"": ""Não sabe/ Não lembra/ Não respondeu""}",79,1921
P18_4,P18_4,"P.18) Na sua opinião, o que motivou a violência que o(a) sr(a) sofreu na escola? Algum outro?",numeric,91,22,"{""1"": ""Raça/Cor/Etnia"", ""2"": ""Classe social"", ""3"": ""Gênero ou sexo"", ""4"": ""Local de moradia (cidade, região da cidade, bairro, comunidade)"", ""5"": ""Deficiência (auditiva, visual, intelectual e motora)"", ""6"": ""Orientação sexual (heterossexual, homossexual)"", ""7"": ""Local de origem/onde nasceu (país ou região do país)"", ""8"": ""Religião"", ""9"": ""Opinião política"", ""10"": ""Aparência física"", ""97"": ""Nenhuma destas/Outras"", ""99"": ""Não sabe/ Não lembra/ Não respondeu""}",9,1991
P18_5,P18_5,"P.18) Na sua opinião, o que motivou a violência que o(a) sr(a) sofreu na escola? Algum outro?",numeric,92,22,"{""1"": ""Raça/Cor/Etnia"", ""2"": ""Classe social"", ""3"": ""Gênero ou sexo"", ""4"": ""Local de moradia (cidade, região da cidade, bairro, comunidade)"", ""5"": ""Deficiência (auditiva, visual, intelectual e motora)"", ""6"": ""Orientação sexual (heterossexual, homossexual)"", ""7"": ""Local de origem/onde nasceu (país ou região do país)"", ""8"": ""Religião"", ""9"": ""Opinião política"", ""10"": ""Aparência física"", ""97"": ""Nenhuma destas/Outras"", ""99"": ""Não sabe/ Não lembra/ Não respondeu""}",3,1997
P18_6,P18_6,"P.18) Na sua opinião, o que motivou a violência que o(a) sr(a) sofreu na escola? Algum outro?",numeric,93,22,"{""1"": ""Raça/Cor/Etnia"", ""2"": ""Classe social"", ""3"": ""Gênero ou sexo"", ""4"": ""Local de moradia (cidade, região da cidade, bairro, comunidade)"", ""5"": ""Deficiência (auditiva, visual, intelectual e motora)"", ""6"": ""Orientação sexual (heterossexual, homossexual)"", ""7"": ""Local de origem/onde nasceu (país ou região do país)"", ""8"": ""Religião"", ""9"": ""Opinião política"", ""10"": ""Aparência física"", ""97"": ""Nenhuma destas/Outras"", ""99"": ""Não sabe/ Não lembra/ Não respondeu""}",1,1999
P19A,P19A,P.19A) Diga se concorda ou discorda de cada afirmação a seguir: Pessoas brancas e pessoas negras são tratadas de forma diferente pelas polícias.,numeric,94,23,"{""1"": ""Concordo totalmente"", ""2"": ""Concordo em parte"", ""3"": ""Nem concordo, nem discordo (Esp.)"", ""4"": ""Discordo em parte"", ""5"": ""Discordo totalmente"", ""98"": ""Não sabe/ Não respondeu""}",2000,0
P19B,P19B,P.19B) Diga se concorda ou discorda de cada afirmação a seguir: Pessoas negras são mais criminalizadas e punidas do que as pessoas brancas.,numeric,95,23,"{""1"": ""Concordo totalmente"", ""2"": ""Concordo em parte"", ""3"": ""Nem concordo, nem discordo (Esp.)"", ""4"": ""Discordo em parte"", ""5"": ""Discordo totalmente"", ""98"": ""Não sabe/ Não respondeu""}",2000,0
P19C,P19C,"P.19C) Diga se concorda ou discorda de cada afirmação a seguir: A abordagem policial é baseada na cor da pele, tipo de cabelo e tipo de vestimenta das pessoas.",numeric,96,23,"{""1"": ""Concordo totalmente"", ""2"": ""Concordo em parte"", ""3"": ""Nem concordo, nem discordo (Esp.)"", ""4"": ""Discordo em parte"", ""5"": ""Discordo totalmente"", ""98"": ""Não sabe/ Não respondeu""}",2000,0
P19D,P19D,P.19D) Diga se concorda ou discorda de cada afirmação a seguir: O Brasil possui políticas públicas suficientes para garantir a inclusão e mais oportunidades para pessoas negras.,numeric,97,23,"{""1"": ""Concordo totalmente"", ""2"": ""Concordo em parte"", ""3"": ""Nem concordo, nem discordo (Esp.)"", ""4"": ""Discordo em parte"", ""5"": ""Discordo totalmente"", ""98"": ""Não sabe/ Não respondeu""}",2000,0
P19E,P19E,P.19E) Diga se concorda ou discorda de cada afirmação a seguir: Aumentar a representatividade das pessoas negras na política e em cargos de poder contribui para diminuir as desigualdades estruturais.,numeric,98,23,"{""1"": ""Concordo totalmente"", ""2"": ""Concordo em parte"", ""3"": ""Nem concordo, nem discordo (Esp.)"", ""4"": ""Discordo em parte"", ""5"": ""Discordo totalmente"", ""98"": ""Não sabe/ Não respondeu""}",2000,0
P20_1,P20_1,P.20) O(A) sr(a) sente que o seu grupo étnico-racial está representado de forma adequada em quais desses espaços? ,numeric,99,24,"{""1"": ""Política"", ""2"": ""Poder executivo (presidente, governadores e prefeitos)"", ""3"": ""Poder legislativo (deputados federais, senadores, depuradores estaduais e vereadores)"", ""4"": ""Poder judiciário (Supremo Tribunal Federal, tribunais estaduais e juízes)"", ""5"": ""Organismos internacionais (ONU, Otan, Banco Mundial, FMI, OMC, etc.)"", ""6"": ""Mídia (televisão, jornais, revistas, rádio, mídias sociais, etc.)"", ""7"": ""Setor empresarial"", ""8"": ""Movimentos Sociais (grupos organizados que representam causas específicas e buscam mudança social)"", ""9"": ""Organizações Não-governamentais/ONGs"", ""97"": ""Não sente que está representado nesses espaços (Esp.)"", ""99"": ""Não sabe/ Não respondeu""}",2000,0
P20_2,P20_2,P.20) O(A) sr(a) sente que o seu grupo étnico-racial está representado de forma adequada em quais desses espaços? Mais algum? ,numeric,100,24,"{""1"": ""Política"", ""2"": ""Poder executivo (presidente, governadores e prefeitos)"", ""3"": ""Poder legislativo (deputados federais, senadores, depuradores estaduais e vereadores)"", ""4"": ""Poder judiciário (Supremo Tribunal Federal, tribunais estaduais e juízes)"", ""5"": ""Organismos internacionais (ONU, Otan, Banco Mundial, FMI, OMC, etc.)"", ""6"": ""Mídia (televisão, jornais, revistas, rádio, mídias sociais, etc.)"", ""7"": ""Setor empresarial"", ""8"": ""Movimentos Sociais (grupos organizados que representam causas específicas e buscam mudança social)"", ""9"": ""Organizações Não-governamentais/ONGs"", ""97"": ""Não sente que está representado nesses espaços (Esp.)"", ""99"": ""Não sabe/ Não respondeu""}",631,1369
P20_3,P20_3,P.20) O(A) sr(a) sente que o seu grupo étnico-racial está representado de forma adequada em quais desses espaços? Algum outro?,numeric,101,24,"{""1"": ""Política"", ""2"": ""Poder executivo (presidente, governadores e prefeitos)"", ""3"": ""Poder legislativo (deputados federais, senadores, depuradores estaduais e vereadores)"", ""4"": ""Poder judiciário (Supremo Tribunal Federal, tribunais estaduais e juízes)"", ""5"": ""Organismos internacionais (ONU, Otan, Banco Mundial, FMI, OMC, etc.)"", ""6"": ""Mídia (televisão, jornais, revistas, rádio, mídias sociais, etc.)"", ""7"": ""Setor empresarial"", ""8"": ""Movimentos Sociais (grupos organizados que representam causas específicas e buscam mudança social)"", ""9"": ""Organizações Não-governamentais/ONGs"", ""97"": ""Não sente que está representado nesses espaços (Esp.)"", ""99"": ""Não sabe/ Não respondeu""}",368,1632
P20_4,P20_4,P.20) O(A) sr(a) sente que o seu grupo étnico-racial está representado de forma adequada em quais desses espaços? Algum outro?,numeric,102,24,"{""1"": ""Política"", ""2"": ""Poder executivo (presidente, governadores e prefeitos)"", ""3"": ""Poder legislativo (deputados federais, senadores, depuradores estaduais e vereadores)"", ""4"": ""Poder judiciário (Supremo Tribunal Federal, tribunais estaduais e juízes)"", ""5"": ""Organismos internacionais (ONU, Otan, Banco Mundial, FMI, OMC, etc.)"", ""6"": ""Mídia (televisão, jornais, revistas, rádio, mídias sociais, etc.)"", ""7"": ""Setor empresarial"", ""8"": ""Movimentos Sociais (grupos organizados que representam causas específicas e buscam mudança social)"", ""9"": ""Organizações Não-governamentais/ONGs"", ""97"": ""Não sente que está representado nesses espaços (Esp.)"", ""99"": ""Não sabe/ Não respondeu""}",138,1862
P20_5,P20_5,P.20) O(A) sr(a) sente que o seu grupo étnico-racial está representado de forma adequada em quais desses espaços? Algum outro?,numeric,103,24,"{""1"": ""Política"", ""2"": ""Poder executivo (presidente, governadores e prefeitos)"", ""3"": ""Poder legislativo (deputados federais, senadores, depuradores estaduais e vereadores)"", ""4"": ""Poder judiciário (Supremo Tribunal Federal, tribunais estaduais e juízes)"", ""5"": ""Organismos internacionais (ONU, Otan, Banco Mundial, FMI, OMC, etc.)"", ""6"": ""Mídia (televisão, jornais, revistas, rádio, mídias sociais, etc.)"", ""7"": ""Setor empresarial"", ""8"": ""Movimentos Sociais (grupos organizados que representam causas específicas e buscam mudança social)"", ""9"": ""Organizações Não-governamentais/ONGs"", ""97"": ""Não sente que está representado nesses espaços (Esp.)"", ""99"": ""Não sabe/ Não respondeu""}",99,1901
P20_6,P20_6,P.20) O(A) sr(a) sente que o seu grupo étnico-racial está representado de forma adequada em quais desses espaços? Algum outro?,numeric,104,24,"{""1"": ""Política"", ""2"": ""Poder executivo (presidente, governadores e prefeitos)"", ""3"": ""Poder legislativo (deputados federais, senadores, depuradores estaduais e vereadores)"", ""4"": ""Poder judiciário (Supremo Tribunal Federal, tribunais estaduais e juízes)"", ""5"": ""Organismos internacionais (ONU, Otan, Banco Mundial, FMI, OMC, etc.)"", ""6"": ""Mídia (televisão, jornais, revistas, rádio, mídias sociais, etc.)"", ""7"": ""Setor empresarial"", ""8"": ""Movimentos Sociais (grupos organizados que representam causas específicas e buscam mudança social)"", ""9"": ""Organizações Não-governamentais/ONGs"", ""97"": ""Não sente que está representado nesses espaços (Esp.)"", ""99"": ""Não sabe/ Não respondeu""}",84,1916
P20_7,P20_7,P.20) O(A) sr(a) sente que o seu grupo étnico-racial está representado de forma adequada em quais desses espaços? Algum outro?,numeric,105,24,"{""1"": ""Política"", ""2"": ""Poder executivo (presidente, governadores e prefeitos)"", ""3"": ""Poder legislativo (deputados federais, senadores, depuradores estaduais e vereadores)"", ""4"": ""Poder judiciário (Supremo Tribunal Federal, tribunais estaduais e juízes)"", ""5"": ""Organismos internacionais (ONU, Otan, Banco Mundial, FMI, OMC, etc.)"", ""6"": ""Mídia (televisão, jornais, revistas, rádio, mídias sociais, etc.)"", ""7"": ""Setor empresarial"", ""8"": ""Movimentos Sociais (grupos organizados que representam causas específicas e buscam mudança social)"", ""9"": ""Organizações Não-governamentais/ONGs"", ""97"": ""Não sente que está representado nesses espaços (Esp.)"", ""99"": ""Não sabe/ Não respondeu""}",74,1926
P20_8,P20_8,P.20) O(A) sr(a) sente que o seu grupo étnico-racial está representado de forma adequada em quais desses espaços? Algum outro?,numeric,106,24,"{""1"": ""Política"", ""2"": ""Poder executivo (presidente, governadores e prefeitos)"", ""3"": ""Poder legislativo (deputados federais, senadores, depuradores estaduais e vereadores)"", ""4"": ""Poder judiciário (Supremo Tribunal Federal, tribunais estaduais e juízes)"", ""5"": ""Organismos internacionais (ONU, Otan, Banco Mundial, FMI, OMC, etc.)"", ""6"": ""Mídia (televisão, jornais, revistas, rádio, mídias sociais, etc.)"", ""7"": ""Setor empresarial"", ""8"": ""Movimentos Sociais (grupos organizados que representam causas específicas e buscam mudança social)"", ""9"": ""Organizações Não-governamentais/ONGs"", ""97"": ""Não sente que está representado nesses espaços (Esp.)"", ""99"": ""Não sabe/ Não respondeu""}",70,1930
P20_9,P20_9,P.20) O(A) sr(a) sente que o seu grupo étnico-racial está representado de forma adequada em quais desses espaços? Algum outro?,numeric,107,24,"{""1"": ""Política"", ""2"": ""Poder executivo (presidente, governadores e prefeitos)"", ""3"": ""Poder legislativo (deputados federais, senadores, depuradores estaduais e vereadores)"", ""4"": ""Poder judiciário (Supremo Tribunal Federal, tribunais estaduais e juízes)"", ""5"": ""Organismos internacionais (ONU, Otan, Banco Mundial, FMI, OMC, etc.)"", ""6"": ""Mídia (televisão, jornais, revistas, rádio, mídias sociais, etc.)"", ""7"": ""Setor empresarial"", ""8"": ""Movimentos Sociais (grupos organizados que representam causas específicas e buscam mudança social)"", ""9"": ""Organizações Não-governamentais/ONGs"", ""97"": ""Não sente que está representado nesses espaços (Esp.)"", ""99"": ""Não sabe/ Não respondeu""}",62,1938
P21A,P21A,"P.21A) Pensando em vagas em faculdades/universidades, concursos públicos e empregos em empresas privadas, o(a) sr(a) diria que é a favor ou contra cada um dos itens a seguir: Cotas/ações afirmativas ou reservas de vagas de emprego de forma geral.",numeric,108,25,"{""1"": ""A favor"", ""2"": ""Contra"", ""98"": ""Não sabe/ Não respondeu""}",2000,0
P21B,P21B,"P.21B) Pensando em vagas em faculdades/universidades, concursos públicos e empregos em empresas privadas, o(a) sr(a) diria que é a favor ou contra cada um dos itens a seguir: Cotas raciais (para negros e indígenas).",numeric,109,25,"{""1"": ""A favor"", ""2"": ""Contra"", ""98"": ""Não sabe/ Não respondeu""}",2000,0
P21C,P21C,"P.21C) Pensando em vagas em faculdades/universidades, concursos públicos e empregos em empresas privadas, o(a) sr(a) diria que é a favor ou contra cada um dos itens a seguir: Cotas sociais (para pessoas de baixa renda).",numeric,110,25,"{""1"": ""A favor"", ""2"": ""Contra"", ""98"": ""Não sabe/ Não respondeu""}",2000,0
P21D,P21D,"P.21D) Pensando em vagas em faculdades/universidades, concursos públicos e empregos em empresas privadas, o(a) sr(a) diria que é a favor ou contra cada um dos itens a seguir: Cotas para pessoas com deficiência.",numeric,111,25,"{""1"": ""A favor"", ""2"": ""Contra"", ""98"": ""Não sabe/ Não respondeu""}",2000,0
P21E,P21E,"P.21E) Pensando em vagas em faculdades/universidades, concursos públicos e empregos em empresas privadas, o(a) sr(a) diria que é a favor ou contra cada um dos itens a seguir: Cotas para mulheres.",numeric,112,25,"{""1"": ""A favor"", ""2"": ""Contra"", ""98"": ""Não sabe/ Não respondeu""}",2000,0
P21F,P21F,"P.21F) Pensando em vagas em faculdades/universidades, concursos públicos e empregos em empresas privadas, o(a) sr(a) diria que é a favor ou contra cada um dos itens a seguir: Cotas para pessoas LGBTQIA+.",numeric,113,25,"{""1"": ""A favor"", ""2"": ""Contra"", ""98"": ""Não sabe/ Não respondeu""}",2000,0
P22_1,P22_1,P.22) O(A) sr(a) já se beneficiou de algum tipo de cotas ou/ ações afirmativas? Quais? (Espontânea),numeric,114,26,"{""1"": ""De acesso à educação (cursinho, escola, faculdade/universidade)"", ""2"": ""De acesso ao emprego (concurso público, emprego privado)"", ""3"": ""De acesso à moradia"", ""4"": ""Outro tipo de cota ou ação afirmativa"", ""97"": ""Nunca se beneficiou de políticas de ação afirmativa/reservas de vagas"", ""99"": ""Não sabe/ Não respondeu""}",2000,0
P22_2,P22_2,P.22) O(A) sr(a) já se beneficiou de algum tipo de cotas ou/ ações afirmativas? Quais? (Espontânea),numeric,115,26,"{""1"": ""De acesso à educação (cursinho, escola, faculdade/universidade)"", ""2"": ""De acesso ao emprego (concurso público, emprego privado)"", ""3"": ""De acesso à moradia"", ""4"": ""Outro tipo de cota ou ação afirmativa"", ""97"": ""Nunca se beneficiou de políticas de ação afirmativa/reservas de vagas"", ""99"": ""Não sabe/ Não respondeu""}",10,1990
P22_3,P22_3,P.22) O(A) sr(a) já se beneficiou de algum tipo de cotas ou/ ações afirmativas? Quais? (Espontânea),numeric,116,26,"{""1"": ""De acesso à educação (cursinho, escola, faculdade/universidade)"", ""2"": ""De acesso ao emprego (concurso público, emprego privado)"", ""3"": ""De acesso à moradia"", ""4"": ""Outro tipo de cota ou ação afirmativa"", ""97"": ""Nunca se beneficiou de políticas de ação afirmativa/reservas de vagas"", ""99"": ""Não sabe/ Não respondeu""}",1,1999
P23,P23,"P.23) Na sua opinião, o quanto é importante a convivência entre pessoas com deficiência e pessoas sem deficiência em espaços como escolas/faculdades/universidades e no trabalho?",numeric,117,27,"{""1"": ""Muito importante"", ""2"": ""Pouco importante"", ""3"": ""Nada importante"", ""99"": ""Não sabe/ Não respondeu""}",2000,0
P24A,P24A,"P.24A) Para cada um dos lugares e serviços que frequenta na sua cidade, por favor diga se existe ou não existe acessibilidade, ou seja, facilidade de acesso para pessoas com deficiência: Ruas e calçadas.",numeric,118,28,"{""1"": ""Existe"", ""2"": ""Não existe"", ""98"": ""Não sabe/ Não respondeu""}",2000,0
P24B,P24B,"P.24B) Para cada um dos lugares e serviços que frequenta na sua cidade, por favor diga se existe ou não existe acessibilidade, ou seja, facilidade de acesso para pessoas com deficiência: Transporte público.",numeric,119,28,"{""1"": ""Existe"", ""2"": ""Não existe"", ""98"": ""Não sabe/ Não respondeu""}",2000,0
P24C,P24C,"P.24C) Para cada um dos lugares e serviços que frequenta na sua cidade, por favor diga se existe ou não existe acessibilidade, ou seja, facilidade de acesso para pessoas com deficiência: Escola/Faculdade.",numeric,120,28,"{""1"": ""Existe"", ""2"": ""Não existe"", ""98"": ""Não sabe/ Não respondeu""}",2000,0
P24D,P24D,"P.24D) Para cada um dos lugares e serviços que frequenta na sua cidade, por favor diga se existe ou não existe acessibilidade, ou seja, facilidade de acesso para pessoas com deficiência: Trabalho.",numeric,121,28,"{""1"": ""Existe"", ""2"": ""Não existe"", ""98"": ""Não sabe/ Não respondeu""}",2000,0
P25,P25,P.25) Gostaria que dissesse se o(a) sr(a) sabe ou já ouviu falar sobre equidade?,numeric,122,29,"{""1"": ""Sim"", ""2"": ""Não""}",2000,0
P26_1,P26_1,P.26) Para quais temas a seguir o(a) sr(a) acredita que o poder público deveria desenvolver ações de políticas públicas?,numeric,123,30,"{""1"": ""Enfrentamento das desigualdades"", ""2"": ""Valorização da diversidade"", ""3"": ""Promoção de uma educação antirracista"", ""4"": ""Promoção da equidade racial"", ""5"": ""Promoção da equidade de gênero"", ""6"": ""Enfrentamento  do racismo ambiental"", ""7"": ""Promoção da acessibilidade para pessoas com deficiência"", ""97"": ""Nenhum destes"", ""99"": ""Não sabe/ Não respondeu""}",2000,0
P26_2,P26_2,P.26) Para quais temas a seguir o(a) sr(a) acredita que o poder público deveria desenvolver ações de políticas públicas? Mais algum?,numeric,124,30,"{""1"": ""Enfrentamento das desigualdades"", ""2"": ""Valorização da diversidade"", ""3"": ""Promoção de uma educação antirracista"", ""4"": ""Promoção da equidade racial"", ""5"": ""Promoção da equidade de gênero"", ""6"": ""Enfrentamento  do racismo ambiental"", ""7"": ""Promoção da acessibilidade para pessoas com deficiência"", ""97"": ""Nenhum destes"", ""99"": ""Não sabe/ Não respondeu""}",1153,847
P26_3,P26_3,P.26) Para quais temas a seguir o(a) sr(a) acredita que o poder público deveria desenvolver ações de políticas públicas? Algum outro?,numeric,125,30,"{""1"": ""Enfrentamento das desigualdades"", ""2"": ""Valorização da diversidade"", ""3"": ""Promoção de uma educação antirracista"", ""4"": ""Promoção da equidade racial"", ""5"": ""Promoção da equidade de gênero"", ""6"": ""Enfrentamento  do racismo ambiental"", ""7"": ""Promoção da acessibilidade para pessoas com deficiência"", ""97"": ""Nenhum destes"", ""99"": ""Não sabe/ Não respondeu""}",720,1280
P26_4,P26_4,P.26) Para quais temas a seguir o(a) sr(a) acredita que o poder público deveria desenvolver ações de políticas públicas? Algum outro?,numeric,126,30,"{""1"": ""Enfrentamento das desigualdades"", ""2"": ""Valorização da diversidade"", ""3"": ""Promoção de uma educação antirracista"", ""4"": ""Promoção da equidade racial"", ""5"": ""Promoção da equidade de gênero"", ""6"": ""Enfrentamento  do racismo ambiental"", ""7"": ""Promoção da acessibilidade para pessoas com deficiência"", ""97"": ""Nenhum destes"", ""99"": ""Não sabe/ Não respondeu""}",246,1754
P26_5,P26_5,P.26) Para quais temas a seguir o(a) sr(a) acredita que o poder público deveria desenvolver ações de políticas públicas? Algum outro?,numeric,127,31,"{""1"": ""Enfrentamento das desigualdades"", ""2"": ""Valorização da diversidade"", ""3"": ""Promoção de uma educação antirracista"", ""4"": ""Promoção da equidade racial"", ""5"": ""Promoção da equidade de gênero"", ""6"": ""Enfrentamento  do racismo ambiental"", ""7"": ""Promoção da acessibilidade para pessoas com deficiência"", ""97"": ""Nenhum destes"", ""99"": ""Não sabe/ Não respondeu""}",159,1841
P26_6,P26_6,P.26) Para quais temas a seguir o(a) sr(a) acredita que o poder público deveria desenvolver ações de políticas públicas? Algum outro?,numeric,128,31,"{""1"": ""Enfrentamento das desigualdades"", ""2"": ""Valorização da diversidade"", ""3"": ""Promoção de uma educação antirracista"", ""4"": ""Promoção da equidade racial"", ""5"": ""Promoção da equidade de gênero"", ""6"": ""Enfrentamento  do racismo ambiental"", ""7"": ""Promoção da acessibilidade para pessoas com deficiência"", ""97"": ""Nenhum destes"", ""99"": ""Não sabe/ Não respondeu""}",119,1881
P26_7,P26_7,P.26) Para quais temas a seguir o(a) sr(a) acredita que o poder público deveria desenvolver ações de políticas públicas? Algum outro?,numeric,129,31,"{""1"": ""Enfrentamento das desigualdades"", ""2"": ""Valorização da diversidade"", ""3"": ""Promoção de uma educação antirracista"", ""4"": ""Promoção da equidade racial"", ""5"": ""Promoção da equidade de gênero"", ""6"": ""Enfrentamento  do racismo ambiental"", ""7"": ""Promoção da acessibilidade para pessoas com deficiência"", ""97"": ""Nenhum destes"", ""99"": ""Não sabe/ Não respondeu""}",102,1898
P_PCD_1,P_PCD_1,"P.PCD) Você, alguém do seu domicílio ou alguém que você convive ou se relaciona possui algum tipo de deficiência, seja ela física, sensorial, intelectual ou mental?",numeric,130,32,"{""1"": ""Sim, eu mesmo"", ""2"": ""Sim, alguém do domicílio"", ""3"": ""Sim, alguém que convive ou se relaciona"", ""4"": ""Não"", ""98"": ""Não sabe""}",2000,0
P_PCD_2,P_PCD_2,"P.PCD) Você, alguém do seu domicílio ou alguém que você convive ou se relaciona possui algum tipo de deficiência, seja ela física, sensorial, intelectual ou mental?",numeric,131,32,"{""1"": ""Sim, eu mesmo"", ""2"": ""Sim, alguém do domicílio"", ""3"": ""Sim, alguém que convive ou se relaciona"", ""4"": ""Não"", ""98"": ""Não sabe""}",25,1975
P_PCD_3,P_PCD_3,"P.PCD) Você, alguém do seu domicílio ou alguém que você convive ou se relaciona possui algum tipo de deficiência, seja ela física, sensorial, intelectual ou mental?",numeric,132,32,"{""1"": ""Sim, eu mesmo"", ""2"": ""Sim, alguém do domicílio"", ""3"": ""Sim, alguém que convive ou se relaciona"", ""4"": ""Não"", ""98"": ""Não sabe""}",3,1997
P_ORIENT,P_ORIENT,P.ORIENT) Indique qual é a sua orientação sexual:,numeric,133,33,"{""1"": ""Heterossexual"", ""2"": ""Homossexual"", ""3"": ""Bissexual"", ""4"": ""Assexual"", ""5"": ""Pansexual"", ""6"": ""Outros"", ""99"": ""Não respondeu""}",2000,0
P_POLITI,P_POLITICA,"P.POLÍTICA) Na política, as pessoas normalmente falam em “esquerda”, “direita” e “centro”. O(A) sr(a) se define como:",numeric,134,34,"{""1"": ""Mais à esquerda"", ""2"": ""No centro"", ""3"": ""Mais à direita"", ""4"": ""Não tem posicionamento político (Esp.)"", ""99"": ""Não respondeu""}",2000,0
RELIGIAO,RELIGIAO,,numeric,135,35,"{""1"": ""Católica Apostólica Romana"", ""2"": ""Assembléia de Deus"", ""3"": ""Batista/ Metodista/ Presbiteriana"", ""4"": ""Universal do Reino de Deus"", ""5"": ""Deus é Amor"", ""6"": ""Evangelho Quadrangular"", ""7"": ""Igreja Internacional da Graça"", ""8"": ""Renascer em Cristo"", ""9"": ""Sara nossa terra"", ""10"": ""Outras Evangélicas específicas"", ""11"": ""Evangélica - Não sabe especificar"", ""12"": ""Adventista"", ""13"": ""Testemunha de Jeová"", ""14"": ""Judaica"", ""15"": ""Espírita/ Kardecista"", ""16"": ""Afro-Brasileiras (Umbanda, Candomblé, etc)"", ""17"": ""Orientais (Budismo, Islamismo, etc)"", ""18"": ""Outras religiões"", ""19"": ""É religioso mas não segue nenhuma/ Agnóstico"", ""20"": ""Ateu, não tem religião"", ""99"": ""Não respondeu""}",2000,0
REND1,REND1,RENDA PESSOAL (EM SALÁRIOS MÍNIMOS),numeric,136,36,"{""1"": ""MAIS DE 20"", ""2"": ""MAIS DE 10 A 20"", ""3"": ""MAIS DE 5 A 10"", ""4"": ""MAIS DE 2 A 5"", ""5"": ""MAIS DE 1 A 2"", ""6"": ""ATÉ 1"", ""98"": ""NÃO TEM RENDIMENTO PESSOAL"", ""99"": ""NÃO RESPONDEU""}",2000,0
REND2,REND2,RENDA FAMILIAR (EM SALÁRIOS MÍNIMOS),numeric,137,36,"{""1"": ""MAIS DE 20"", ""2"": ""MAIS DE 10 A 20"", ""3"": ""MAIS DE 5 A 10"", ""4"": ""MAIS DE 2 A 5"", ""5"": ""MAIS DE 1 A 2"", ""6"": ""ATÉ 1"", ""98"": ""NÃO TEM RENDIMENTO PESSOAL"", ""99"": ""NÃO RESPONDEU""}",2000,0
UF,UF,ESTADOS,numeric,138,37,"{""11"": ""RO"", ""12"": ""AC"", ""13"": ""AM"", ""14"": ""RR"", ""15"": ""PA"", ""16"": ""AP"", ""17"": ""TO"", ""21"": ""MA"", ""22"": ""PI"", ""23"": ""CE"", ""24"": ""RN"", ""25"": ""PB"", ""26"": ""PE"", ""27"": ""AL"", ""28"": ""SE"", ""29"": ""BA"", ""31"": ""MG"", ""32"": ""ES"", ""33"": ""RJ"", ""35"": ""SP"", ""41"": ""PR"", ""42"": ""SC"", ""43"": ""RS"", ""50"": ""MS"", ""51"": ""MT"", ""52"": ""GO"", ""53"": ""DF""}",2000,0
MUNI,MUNI,MUNICÍPIOS,numeric,139,38,"{""1100130"": ""Machadinho D'Oeste"", ""1200401"": ""Rio Branco"", ""1301704"": ""Humaitá"", ""1302603"": ""Manaus"", ""1501402"": ""Belém"", ""1502400"": ""Castanhal"", ""1502954"": ""Eldorado dos Carajás"", ""1505106"": ""Óbidos"", ""1506500"": ""Santa Isabel do Pará"", ""1507953"": ""Tailândia"", ""1720903"": ""Taguatinga"", ""2100055"": ""Açailândia"", ""2106003"": ""Lima Campos"", ""2106805"": ""Mirinzal"", ""2111300"": ""São Luís"", ""2208205"": ""Pio Ix"", ""2211001"": ""Teresina"", ""2301901"": ""Barbalha"", ""2303600"": ""Catarina"", ""2303709"": ""Caucaia"", ""2304400"": ""Fortaleza"", ""2304707"": ""Granja"", ""2408102"": ""Natal"", ""2412203"": ""São José de Mipibu"", ""2503506"": ""Cacimba de Dentro"", ""2510808"": ""Patos"", ""2600401"": ""Água Preta"", ""2603454"": ""Camaragibe"", ""2605301"": ""Exu"", ""2609600"": ""Olinda"", ""2611606"": ""Recife"", ""2612703"": ""Santa Maria do Cambucá"", ""2700300"": ""Arapiraca"", ""2704302"": ""Maceió"", ""2803609"": ""Laranjeiras"", ""2900306"": ""Acajutiba"", ""2913606"": ""Ilhéus"", ""2914604"": ""Irecê"", ""2927408"": ""Salvador"", ""2929206"": ""São Francisco do Conde"", ""2929909"": ""Seabra"", ""2930402"": ""Serra Preta"", ""2933307"": ""Vitória da Conquista"", ""3105608"": ""Barbacena"", ""3106200"": ""Belo Horizonte"", ""3106705"": ""Betim"", ""3112802"": ""Capitólio"", ""3118601"": ""Contagem"", ""3131307"": ""Ipatinga"", ""3136207"": ""João Monlevade"", ""3143302"": ""Montes Claros"", ""3151800"": ""Poços de Caldas"", ""3157807"": ""Santa Luzia"", ""3168606"": ""Teófilo Otoni"", ""3170107"": ""Uberaba"", ""3170206"": ""Uberlândia"", ""3172004"": ""Visconde do Rio Branco"", ""3204708"": ""São Gabriel da Palha"", ""3205002"": ""Serra"", ""3301702"": ""Duque de Caxias"", ""3301900"": ""Itaboraí"", ""3302007"": ""Itaguaí"", ""3302205"": ""Itaperuna"", ""3303203"": ""Nilópolis"", ""3303401"": ""Nova Friburgo"", ""3303500"": ""Nova Iguaçu"", ""3303807"": ""Paraty"", ""3304557"": ""Rio de Janeiro"", ""3304904"": ""São Gonçalo"", ""3503901"": ""Arujá"", ""3505500"": ""Barretos"", ""3506003"": ""Bauru"", ""3509502"": ""Campinas"", ""3513801"": ""Diadema"", ""3514304"": ""Dourado"", ""3515004"": ""Embu"", ""3518800"": ""Guarulhos"", ""3520707"": ""Indiaporã"", ""3522109"": ""Itanhaém"", ""3522505"": ""Itapevi"", ""3523107"": ""Itaquaquecetuba"", ""3523909"": ""Itu"", ""3525904"": ""Jundiaí"", ""3529401"": ""Mauá"", ""3534401"": ""Osasco"", ""3537404"": ""Pereira Barreto"", ""3538709"": ""Piracicaba"", ""3543402"": ""Ribeirão Preto"", ""3547809"": ""Santo André"", ""3548708"": ""São Bernardo do Campo"", ""3549904"": ""São José dos Campos"", ""3550308"": ""São Paulo"", ""3550704"": ""São Sebastião"", ""3551009"": ""São Vicente"", ""3552502"": ""Suzano"", ""3556701"": ""Vinhedo"", ""4104204"": ""Campo Largo"", ""4105300"": ""Céu Azul"", ""4106407"": ""Cornélio Procópio"", ""4106902"": ""Curitiba"", ""4107900"": ""Floresta"", ""4110102"": ""Imbituva"", ""4115101"": ""Mariluz"", ""4125506"": ""São José dos Pinhais"", ""4201406"": ""Araranguá"", ""4202107"": ""Barra Velha"", ""4203808"": ""Canoinhas"", ""4208302"": ""Itapema"", ""4209854"": ""Lindóia do Sul"", ""4301057"": ""Arroio do Sal"", ""4302105"": ""Bento Gonçalves"", ""4304606"": ""Canoas"", ""4309308"": ""Guaíba"", ""4314902"": ""Porto Alegre"", ""4318002"": ""São Borja"", ""4318903"": ""São Luiz Gonzaga"", ""4319901"": ""Sapiranga"", ""4321204"": ""Taquara"", ""5002704"": ""Campo Grande"", ""5003306"": ""Coxim"", ""5100201"": ""Água Boa"", ""5101258"": ""Araputanga"", ""5201108"": ""Anápolis"", ""5203906"": ""Buriti Alegre"", ""5208004"": ""Formosa"", ""5208707"": ""Goiânia"", ""5300108"": ""Brasília""}",2000,0
REGIAO,REGIAO,,numeric,140,39,"{""1"": ""NORTE"", ""2"": ""NORDESTE"", ""3"": ""SUDESTE"", ""4"": ""SUL"", ""5"": ""CENTRO OESTE""}",2000,0
COND,COND,CONDIÇÃO DO MUNICÍPIO,numeric,141,40,"{""1"": ""CAPITAL"", ""2"": ""PERIFERIA"", ""3"": ""INTERIOR""}",2000,0
PORTE,PORTE,PORTE DO MUNICÍPIO (EM NÚMERO DE HABITANTES),numeric,142,41,"{""1"": ""ATÉ 5.000"", ""2"": ""DE 5.001 A 10.000"", ""3"": ""DE 10.001 A 20.000"", ""4"": ""DE 20.001 A 50.000"", ""5"": ""DE 50.001 A 100.000"", ""6"": ""DE 100.001 A 500.000"", ""7"": ""MAIS DE 500.000""}",2000,0
ID_IPEC,ID_Ipec,ID,numeric,143,,{},2000,0
DATA_ENT,DATA_ENTREVISTA,Data da entrevista,numeric,144,,{},2000,0
